﻿pos_x,pos_y,rotation,side,designator,mpn,pack,value,mount_type,place
200.15,-44.03,-90.0,top,BT1,,BatteryHolder_Keystone_2479_3xAAA,3 cell NiMH,tht,True
155.0,-53.25,-90.0,top,C1,,C_0805_2012Metric,10uF,smt,True
118.55,-74.7,-90.0,top,C10,,C_0805_2012Metric,0.1uF,smt,True
119.05,-62.75,-90.0,top,C11,,C_0805_2012Metric,0.1uF,smt,True
157.0,-53.25,-90.0,top,C2,,C_0805_2012Metric,0.1uF,smt,True
165.75,-48.0,180.0,top,C3,,C_0805_2012Metric,220pF,smt,True
158.7,-48.0,180.0,top,C4,,C_0805_2012Metric,220pF,smt,True
104.82,-43.18,180.0,top,C5,,C_0805_2012Metric,10uF,smt,True
104.82,-45.24,180.0,top,C6,,C_0805_2012Metric,0.1uF,smt,True
157.7,-63.025,0.0,top,C7,,C_0805_2012Metric,10uF,smt,True
161.2,-63.025,180.0,top,C8,,C_0805_2012Metric,10uF,smt,True
163.45,-69.8,0.0,top,D1,,LED_0805_2012Metric,CHARGE_LED,smt,True
162.2,-48.0,0.0,top,FB1,,Ferrite-0805,Ferrite,smt,True
155.2,-48.0,0.0,top,FB2,,Ferrite-0805,Ferrite,smt,True
165.89,-42.51,180.0,top,J1,,TerminalBlock_bornier-2_P5.08mm,Screw_Terminal_Speaker,tht,True
113.5,-45.5875,0.0,top,J2,,microSD_HC_Molex_104031-0811,Micro_SD_Card_Det,smt,True
167.1,-53.76,90.0,top,Q1,,SOT-23,DMG2305UX,smt,True
160.1,-56.4,180.0,top,R1,,R_0805_2012Metric,1M,smt,True
166.2,-64.1875,-90.0,top,R10,,R_0805_2012Metric,10K,smt,True
164.2,-64.1875,90.0,top,R11,,R_0805_2012Metric,18K,smt,True
163.45,-67.525,0.0,top,R12,,R_0805_2012Metric,18K,smt,True
111.55,-86.55,-90.0,top,R14,,R_0805_2012Metric,2K7,smt,True
113.8,-86.55,-90.0,top,R15,,R_0805_2012Metric,2K7,smt,True
116.05,-86.5,-90.0,top,R16,,R_0805_2012Metric,2K7,smt,True
114.6625,-95.6,0.0,top,R17,,R_0805_2012Metric,10K,smt,True
114.6625,-93.6,0.0,top,R18,,R_0805_2012Metric,10K,smt,True
109.75,-94.5375,-90.0,top,R19,,R_0805_2012Metric,10K,smt,True
120.0,-54.4,90.0,top,R2,,R_0805_2012Metric,47K,smt,True
105.1,-94.525,-90.0,top,R20,,R_0805_2012Metric,10K,smt,True
107.5,-94.65,-90.0,top,R21,,R_0805_2012Metric,10K,smt,True
120.5,-95.6,0.0,top,R22,,R_0805_2012Metric,10K,smt,True
120.5,-93.6,0.0,top,R23,,R_0805_2012Metric,10K,smt,True
117.5,-54.4125,90.0,top,R3,,R_0805_2012Metric,47K,smt,True
115.0,-54.4,90.0,top,R4,,R_0805_2012Metric,47K,smt,True
112.55,-54.4125,90.0,top,R5,,R_0805_2012Metric,47K,smt,True
110.15,-54.4,90.0,top,R6,,R_0805_2012Metric,47K,smt,True
107.7,-54.4,90.0,top,R7,,R_0805_2012Metric,47K,smt,True
154.55,-66.4,90.0,top,R8,,R_0805_2012Metric,1K,smt,True
156.55,-66.4,90.0,top,R9,,R_0805_2012Metric,10K,smt,True
98.0,-42.0,0.0,top,REF1,,MountingHole_3.2mm_M3_ISO7380_Pad,MountingHole_3.2mm_M3_ISO7380_Pad,tht,False
98.0,-111.8,0.0,top,REF2,,MountingHole_3.2mm_M3_ISO7380_Pad,MountingHole_3.2mm_M3_ISO7380_Pad,tht,False
212.0,-111.75,0.0,top,REF3,,MountingHole_3.2mm_M3_ISO7380_Pad,MountingHole_3.2mm_M3_ISO7380_Pad,tht,False
212.0,-42.0,0.0,top,REF4,,MountingHole_3.2mm_M3_ISO7380_Pad,MountingHole_3.2mm_M3_ISO7380_Pad,tht,False
134.97,-100.26,0.0,top,SW1,,SW_Cherry_MX_1.00u_PCB,SW_Keyboard,tht,True
154.52,-100.26,0.0,top,SW2,,SW_Cherry_MX_1.00u_PCB,SW_Keyboard,tht,True
105.75,-103.1,0.0,top,SW3,,RotaryEncoder_Bourns_Vertical_PEC12R-3xxxF-Sxxxx,RotEncoder_S,tht,True
174.07,-100.26,0.0,top,SW4,,SW_Cherry_MX_1.00u_PCB,SW_Keyboard,tht,True
193.62,-100.26,0.0,top,SW5,,SW_Cherry_MX_1.00u_PCB,SW_Keyboard,tht,True
158.6,-74.24,180.0,top,SW6,,SW_DIP_SPSTx01_Slide_9.78x4.72mm_W8.61mm_P2.54mm,Enable BAT,smt,True
158.55,-82.05,180.0,top,SW7,,SW_DIP_SPSTx01_Slide_9.78x4.72mm_W8.61mm_P2.54mm,Enable Charge,smt,True
135.515,-60.835,0.0,top,U1,,RPI_PICO_smd,Pico,smt,True
160.25,-53.0,0.0,top,U2,,MAX98357,MAX98357,smt,True
159.5,-65.25,0.0,top,U3,,BQ25172,BQ25172,smt,True
113.2,-78.2,0.0,top,U5,,74HC4051,74HC4051,smt,True
113.8,-64.45,0.0,top,U6,,CD4072BM96,4072,smt,True
