﻿designator,quantity,value,pack,mpn,mount_type
BT1,1,3 cell NiMH,BatteryHolder_Keystone_2479_3xAAA,,tht
"C1, C5, C7, C8",4,10uF,C_0805_2012Metric,,smt
"C10, C11, C2, C6",4,0.1uF,C_0805_2012Metric,,smt
"C3, C4",2,220pF,C_0805_2012Metric,,smt
D1,1,CHARGE_LED,LED_0805_2012Metric,,smt
"FB1, FB2",2,Ferrite,Ferrite-0805,,smt
J1,1,Screw_Terminal_Speaker,TerminalBlock_bornier-2_P5.08mm,,tht
J2,1,Micro_SD_Card_Det,microSD_HC_Molex_104031-0811,,smt
Q1,1,DMG2305UX,SOT-23,,smt
R1,1,1M,R_0805_2012Metric,,smt
"R10, R17, R18, R19, R20, R21, R22, R23, R9",9,10K,R_0805_2012Metric,,smt
"R11, R12",2,18K,R_0805_2012Metric,,smt
"R14, R15, R16",3,2K7,R_0805_2012Metric,,smt
"R2, R3, R4, R5, R6, R7",6,47K,R_0805_2012Metric,,smt
R8,1,1K,R_0805_2012Metric,,smt
"REF1, REF2, REF3, REF4",4,MountingHole_3.2mm_M3_ISO7380_Pad,MountingHole_3.2mm_M3_ISO7380_Pad,,tht
"SW1, SW2, SW4, SW5",4,SW_Keyboard,SW_Cherry_MX_1.00u_PCB,,tht
SW3,1,RotEncoder_S,RotaryEncoder_Bourns_Vertical_PEC12R-3xxxF-Sxxxx,,tht
SW6,1,Enable BAT,SW_DIP_SPSTx01_Slide_9.78x4.72mm_W8.61mm_P2.54mm,,smt
SW7,1,Enable Charge,SW_DIP_SPSTx01_Slide_9.78x4.72mm_W8.61mm_P2.54mm,,smt
U1,1,Pico,RPI_PICO_smd,,smt
U2,1,MAX98357,MAX98357,,smt
U3,1,BQ25172,BQ25172,,smt
U5,1,74HC4051,74HC4051,,smt
U6,1,4072,CD4072BM96,,smt
